{"frameRate":24,"isGlobal":0,"name":"ani_piaodai","version":"4.5","armature":[{"defaultActions":[{"gotoAndPlay":"idle"}],"skin":[{"name":"","slot":[{"display":[{"uvs":[0.93849,1,0.7389,0.86069,0.7447,0.73742,0.64033,0.69025,0.50061,0.64686,0.36802,0.70126,0.25438,0.73365,0.26477,0.85346,0.05703,1,0.07933,0.69025,0.0001,0.46918,0.09124,0.34245,0.08167,0.22642,0.18747,0.07044,0.32831,0,0.50183,0,0.66965,0,0.8165,0.07767,0.94308,0.24088,0.92434,0.35314,1,0.47642,0.922,0.65409,0.12088,0.5805,0.15193,0.80629,0.89196,0.57767,0.85621,0.80063],"vertices":[215.3,79.5,117.3,57.35,120.15,37.75,68.9,30.25,0.3,23.35,-64.8,32,-120.6,37.15,-115.5,56.2,-217.5,79.5,-206.55,30.25,-245.45,-4.9,-200.7,-25.05,-205.4,-43.5,-153.45,-68.3,-84.3,-79.5,0.9,-79.5,83.3,-79.5,155.4,-67.15,217.55,-41.2,208.35,-23.35,245.5,-3.75,207.2,24.5,-186.15,12.8,-170.9,48.7,192.45,12.35,174.9,47.8],"edges":[0,1,1,2,2,3,3,4,4,5,5,6,6,7,7,8,8,9,9,10,10,11,11,12,12,13,13,14,14,15,15,16,16,17,17,18,18,19,19,20,20,21,21,0],"path":"over_win_title","weights":[1,3,1,2,1,0.17882572492136442,3,0.8211742750786356,2,1,0.11649310830148099,3,0.8835068916985189,2,1,0.78,3,0.22,3,1,0.8,2,0.11,3,0.09,2,1,0.55,2,0.45,2,1,0.10343764978326458,2,0.8965623502167354,2,1,0.1725346394793038,2,0.8274653605206962,1,2,1,1,2,1,1,2,1,1,2,1,1,2,1,2,1,0.13513154701636101,2,0.864868452983639,2,1,0.56,2,0.44,3,1,0.8,2,0.1,3,0.1,2,1,0.8300000000000001,3,0.17,2,1,0.13697582562452904,3,0.863024174375471,1,3,1,1,3,1,1,3,1,1,3,1,2,1,0.0006261808813429368,2,0.9993738191186571,2,1,0.03118343172059891,2,0.9688165682794012,2,1,0.0016302252517163636,3,0.9983697747482836,2,1,0.026342778977284237,3,0.9736572210227158],"userEdges":[],"bonePose":[1,1,0,0,1,0.75,-32.2,2,-0.9258146347062796,0.3779778593564435,-0.3779778593564435,-0.9258146347062796,-71.19305208238254,-27.261318911577213,3,0.932885743705256,0.36017244368703855,-0.36017244368703855,0.932885743705256,63.60651463868223,-28.30667644050843],"type":"mesh","transform":{"y":49.3162,"skX":-21.1108,"skY":-21.1108,"x":-49.1423},"slotPose":[1,0,0,1,0,0],"width":491,"height":159,"name":"over_win_title","triangles":[19,21,20,24,21,19,25,1,0,21,25,0,17,19,18,24,25,21,17,24,19,2,25,24,17,2,24,2,1,25,16,3,2,16,2,17,15,4,3,15,3,16,14,5,15,15,5,4,13,6,14,14,6,5,13,22,6,23,8,7,11,22,13,6,23,7,22,23,6,12,11,13,22,9,23,9,8,23,10,9,11,11,9,22]}],"name":"over_win_title"}]}],"type":"Armature","frameRate":24,"ik":[],"aabb":{"width":491,"y":-80.76818181818186,"height":159,"x":-244.3227272727273},"slot":[{"name":"over_win_title","parent":"over_win_title2","color":{}}],"animation":[{"frame":[],"duration":60,"bone":[{"frame":[{"duration":60,"transform":{}}],"name":"root"},{"frame":[{"duration":30,"transform":{},"curve":[0.5,0,0.5,1]},{"duration":30,"transform":{"y":-7.9667},"curve":[0.5,0,0.5,1]},{"duration":0,"transform":{}}],"name":"over_win_title"},{"frame":[{"tweenEasing":0,"duration":15,"transform":{}},{"tweenEasing":0,"duration":15,"transform":{"skX":-4.2436,"skY":-4.2436}},{"tweenEasing":0,"duration":15,"transform":{}},{"tweenEasing":0,"duration":15,"transform":{"skX":7.3756,"skY":7.3756}},{"duration":0,"transform":{}}],"name":"over_win_title1"},{"frame":[{"tweenEasing":0,"duration":15,"transform":{}},{"tweenEasing":0,"duration":15,"transform":{"skX":5.1336,"skY":5.1336}},{"tweenEasing":0,"duration":15,"transform":{}},{"tweenEasing":0,"duration":15,"transform":{"skX":-7.0791,"skY":-7.0791}},{"duration":0,"transform":{}}],"name":"over_win_title2"}],"ik":[],"slot":[],"ffd":[],"name":"idle","playTimes":0}],"name":"Armature","bone":[{"name":"root","transform":{}},{"transform":{"y":-32.2,"x":0.75},"name":"over_win_title","parent":"root"},{"length":141,"transform":{"y":4.9387,"skX":157.7915,"skY":157.7915,"x":-71.9431},"parent":"over_win_title","name":"over_win_title1"},{"length":148,"transform":{"y":3.8933,"skX":21.1108,"skY":21.1108,"x":62.8565},"parent":"over_win_title","name":"over_win_title2"}]}]}