{
  "__type__": "dragonBones.DragonBonesAsset",
  "_name": "ani_home_ske",
  "_objFlags": 0,
  "_native": "",
  "_dragonBonesJson": "{\"frameRate\":24,\"isGlobal\":0,\"name\":\"ani_home\",\"version\":\"4.5\",\"armature\":[{\"ik\":[],\"skin\":[{\"name\":\"\",\"slot\":[{\"display\":[{\"vertices\":[6.3,27.5,74.95,9.5,103.5,-6.15,98.6,-27.5,11,-27.5,-20.6,-10.5,-15.5,-27.5,-76.2,-27.5,-103.5,-7.2,-95.8,27.5],\"slotPose\":[1,0,0,1,-454.6728060550886,-27.13221751779518],\"uvs\":[0.53043,1,0.86208,0.67273,1,0.38818,0.97633,0,0.55314,0,0.40048,0.30909,0.42512,0,0.13188,0,0,0.36909,0.0372,1],\"weights\":[1,3,1,2,3,0.035871132030164565,7,0.9641288679698354,2,3,0.050731456984146966,7,0.949268543015853,2,3,0.04229813326766687,7,0.9577018667323332,2,3,0.32426761452754566,7,0.6757323854724544,2,3,0.7730248079622494,7,0.22697519203775068,2,3,0.6355326845281852,7,0.3644673154718148,2,3,0.8844741610768023,7,0.11552583892319765,2,3,0.9072038551798031,7,0.09279614482019688,1,3,1],\"userEdges\":[],\"edges\":[0,1,1,2,2,3,3,4,4,5,5,6,6,7,7,8,8,9,9,0],\"path\":\"shadow_2\",\"type\":\"mesh\",\"transform\":{\"y\":14.6678,\"x\":-66.9728},\"width\":207,\"bonePose\":[3,1,0,0,1,-511.2,-6.55,7,1,0,0,1,-387.7,-41.8],\"height\":55,\"name\":\"shadow_2\",\"triangles\":[3,1,2,4,1,3,4,0,1,5,0,4,5,9,0,7,9,5,7,5,6,8,9,7]}],\"name\":\"shadow_2\"},{\"display\":[{\"vertices\":[-19.2,163.5,-6.4,118.2,-3.7,79.45,-36.35,87.9,-70,79.15,-79,52.55,-79,11.1,-64.65,-10.1,-32.65,-4.05,-29.6,31,-7.4,56.9,-15.8,21.2,-24.75,-9.35,-41.25,-44.05,-55.2,-78.1,-47.15,-111.15,-22.2,-133.65,14.8,-149.9,25.25,-120.2,36.7,-116.85,40.1,-153.5,50.2,-163.5,63.3,-163.5,74.45,-139.05,77.8,-101,76.8,-65.3,65,-38.05,70.05,9.05,68.7,59.85,61.95,93.25,50.05,128.3,35.7,163.5],\"slotPose\":[1.0000000000000002,-1.6653345369377348e-16,1.6653345369377348e-16,1.0000000000000002,-233,-165.50000000000006],\"uvs\":[0.37848,1,0.45949,0.86147,0.47658,0.74297,0.26994,0.76881,0.05696,0.74205,0,0.6607,0,0.53394,0.09082,0.46911,0.29335,0.48761,0.31266,0.5948,0.45316,0.67401,0.4,0.56483,0.34335,0.47141,0.23892,0.36529,0.15063,0.26116,0.20158,0.16009,0.35949,0.09128,0.59367,0.04159,0.65981,0.13242,0.73228,0.14266,0.7538,0.03058,0.81772,0,0.90063,0,0.9712,0.07477,0.99241,0.19113,0.98608,0.30031,0.91139,0.38364,0.94335,0.52768,0.93481,0.68303,0.89209,0.78517,0.81677,0.89235,0.72595,1],\"weights\":[1,1,1,2,6,0.01,1,0.99,2,11,0.05,1,0.9500000000000001,1,11,1,1,11,1,1,11,1,1,11,1,1,11,1,1,11,1,1,11,1,2,6,0.8200000000000001,11,0.18,2,6,0.9500000000000001,10,0.05,2,6,0.77,10,0.23,2,10,0.56,6,0.44,2,10,0.73,6,0.27,2,10,0.93,6,0.07,2,10,0.99,6,0.01,2,10,0.84,6,0.16,2,10,0.77,6,0.23,2,10,0.6900000000000001,6,0.31,2,10,0.71,6,0.29,2,10,0.67,6,0.33,2,10,0.63,6,0.37,2,10,0.5700000000000001,6,0.43,2,10,0.53,6,0.47000000000000003,2,10,0.5,6,0.5,2,6,0.53,10,0.47000000000000003,2,6,0.84,10,0.16,2,6,0.84,1,0.16,2,6,0.12,1,0.88,2,6,0.04,1,0.96,1,1,1],\"userEdges\":[],\"edges\":[0,1,1,2,2,3,3,4,4,5,5,6,6,7,7,8,8,9,9,10,10,11,11,12,12,13,13,14,14,15,15,16,16,17,17,18,18,19,19,20,20,21,21,22,22,23,23,24,24,25,25,26,26,27,27,28,28,29,29,30,30,31,31,0],\"path\":\"cactus_1\",\"type\":\"mesh\",\"transform\":{\"skY\":135.4482,\"y\":68.1524,\"skX\":135.4482,\"x\":50.7923},\"width\":158,\"bonePose\":[1,0.1691386102311641,-0.9855922739800015,0.9855922739800015,0.1691386102311641,-219,-1.35,6,-0.10882454444446374,-0.9940609732438221,0.9940609732438221,-0.10882454444446374,-200.2,-110.89999999999999,10,-0.5089561575480853,-0.8607924428652289,0.8607924428652289,-0.5089561575480853,-211.35,-212.75,11,-0.7126160750752639,-0.7015542242366771,0.7015542242366771,-0.7126160750752639,-239.1,-95.25],\"height\":327,\"name\":\"cactus_1\",\"triangles\":[19,25,24,23,19,24,10,28,27,19,26,25,21,20,22,11,10,27,22,20,23,20,19,23,19,18,26,18,13,26,2,29,28,26,12,27,12,11,27,10,2,28,13,12,26,2,1,30,2,30,29,1,31,30,14,13,18,15,14,18,1,0,31,16,15,18,17,16,18,10,3,2,9,3,10,4,3,9,5,4,9,8,6,9,7,6,8,6,5,9]}],\"name\":\"cactus_1\"},{\"display\":[{\"vertices\":[76.15,58.45,74.65,16,56.25,-9.4,60.85,-29.85,27.55,-59.5,5.85,-54.6,5.85,-39.05,-45.8,-44.55,-69.9,-34.75,-65.65,-10.6,-23.2,19.05,-72.1,5,-78,27.9,-61.7,53.6,15.05,59.5],\"slotPose\":[1,0,0,1,497.569897299947,-61.08505162023181],\"uvs\":[0.98814,0.99118,0.97853,0.63445,0.86058,0.42101,0.89006,0.24916,0.6766,0,0.5375,0.04118,0.5375,0.17185,0.20641,0.12563,0.05192,0.20798,0.07917,0.41092,0.35128,0.66008,0.03782,0.54202,0,0.73445,0.10449,0.95042,0.59647,1],\"weights\":[1,4,1,1,4,1,2,4,0.7721991113751582,9,0.22780088862484182,2,4,0.6530070293148681,9,0.34699297068513196,2,4,0.3704353222369143,9,0.6295646777630857,2,4,0.23580692344716156,9,0.7641930765528384,2,4,0.26171861807447694,9,0.738281381925523,2,4,0.016710985763611373,9,0.9832890142363886,2,4,0.04859162989241448,9,0.9514083701075856,2,4,0.07428775744816365,9,0.9257122425518364,2,4,0.4574063560381079,9,0.5425936439618921,2,4,0.15459241682169747,9,0.8454075831783026,2,4,0.2811015891450162,9,0.7188984108549837,2,4,0.45828861431049656,9,0.5417113856895035,1,4,1],\"userEdges\":[],\"edges\":[0,1,1,2,2,3,3,4,4,5,5,6,6,7,7,8,8,9,9,10,10,11,11,12,12,13,13,14,14,0],\"path\":\"shadow_1\",\"type\":\"mesh\",\"transform\":{\"y\":30.2649,\"x\":42.0699},\"width\":156,\"bonePose\":[4,1,0,0,1,528.35,-22.2,9,1,0,0,1,455.5,-91.35],\"height\":119,\"name\":\"shadow_1\",\"triangles\":[1,14,0,2,14,1,10,14,2,6,2,3,4,6,3,6,10,2,5,6,4,10,13,14,7,10,6,12,13,10,11,12,10,7,9,10,8,9,7]}],\"name\":\"shadow_1\"},{\"display\":[{\"vertices\":[-52.75,-138.5,-91.95,-115.1,-107,-82.8,-95.9,-35.1,-78.05,-10.85,-58.2,-3.85,-70.6,40.15,-80.05,90.3,-81.55,138.55,68.25,138.55,86.6,121.55,96.05,85.4,73.7,49.2,44.95,45.75,19.6,82.45,-7.05,138.5,12.1,79.25,37.85,32.05,67.05,-7.35,94.25,-40.3,107,-63.15,100.6,-103.05,78.6,-134.3,56.05,-138.45,-2.1,-130.25,-16.85,-92.65,-28.1,-66.55,-32.15,-87.1,-23.2,-117.25,-32.75,-134.6],\"slotPose\":[1,0,0,1,214.99999999999994,-156.50000000000003],\"uvs\":[0.2535,0,0.07033,0.08448,0,0.20108,0.05187,0.37329,0.13528,0.46083,0.22804,0.4861,0.17009,0.64495,0.12593,0.82599,0.11893,1.00018,0.81893,1.00018,0.90467,0.93881,0.94883,0.8083,0.84439,0.67762,0.71005,0.66516,0.59159,0.79765,0.47103,1,0.55654,0.7861,0.67687,0.6157,0.81332,0.47347,0.94042,0.35451,1,0.27202,0.97009,0.12798,0.86729,0.01516,0.76192,0.00018,0.49019,0.02978,0.42126,0.16552,0.36869,0.25975,0.34977,0.18556,0.39159,0.07671,0.34696,0.01408],\"weights\":[3,2,0.17744595764003293,12,0.42327819180586207,8,0.39927585055410497,3,2,0.23435554597744895,12,0.3830617030082291,8,0.3825827510143219,3,2,0.2794164320121944,8,0.36503298022402636,12,0.3555505877637791,4,2,0.2960865320807988,8,0.3354460056048463,12,0.2535698054908827,5,0.1148976568234721,4,2,0.33587511050941904,8,0.3699382524863265,12,0.19714958919541234,5,0.09703704780884195,4,2,0.337910307023224,8,0.4168839895643889,12,0.16626311329695292,5,0.07894259011543422,4,2,0.4375743683930637,8,0.4253197738887086,12,0.07164299114888727,5,0.06546286656934046,4,2,0.642550486637621,8,0.23357577974608407,5,0.07790575642322695,12,0.045967977193067895,3,2,0.8550078649092758,8,0.07991194010112349,5,0.06508019498960059,4,2,0.05119483462619962,5,0.8910439599347538,8,0.03909581699728432,12,0.01866538844176232,4,2,0.08604393597126163,5,0.7922730804179777,8,0.07782938816885876,12,0.043853595441901864,4,2,0.08922699444648195,5,0.7557833654894717,8,0.09127323713793559,12,0.06371640292611076,4,2,0.02105725051104318,5,0.935277608776924,8,0.025936669993900992,12,0.01772847071813182,4,2,0.05860901038486263,5,0.8345357969045436,8,0.07534869856657377,12,0.03150649414401993,4,2,0.24570165915731557,5,0.5149206745225984,8,0.2016605435114693,12,0.037717122808616575,4,2,0.5295057351036344,5,0.351281233611196,8,0.0946255170144817,12,0.024587514270687845,4,2,0.35396358769626823,5,0.33290011734346425,8,0.27390064503043,12,0.03923564992983762,4,2,0.14020440637938392,5,0.5174253603739821,8,0.2503288506849217,12,0.09204138256171236,4,2,0.08880861083563373,8,0.33693183346391214,12,0.32504960247544185,5,0.24920995322501227,